1031;Chronodrive;/magasins-chronodrive/drive-magasin-1031-cannes---la-bocca;Cannes - La Bocca
1009;Chronodrive;/magasins-chronodrive/drive-magasin-1009-st-andre-les-vergers;St Andre-les-Vergers
1046;Chronodrive;/magasins-chronodrive/drive-magasin-1046-marseille-st-menet;Marseille St Menet
1071;Chronodrive;/magasins-chronodrive/drive-magasin-1071-marignane;Marignane
1020;Chronodrive;/magasins-chronodrive/drive-magasin-1020-ifs;Ifs
1033;Chronodrive;/magasins-chronodrive/drive-magasin-1033-la-rochelle;La Rochelle
1022;Chronodrive;/magasins-chronodrive/drive-magasin-1022-brive-la-gaillarde;Brive la Gaillarde
1013;Chronodrive;/magasins-chronodrive/drive-magasin-1013-ramonville;Ramonville
1016;Chronodrive;/magasins-chronodrive/drive-magasin-1016-toulouse-basso-cambo;Toulouse Basso Cambo
1034;Chronodrive;/magasins-chronodrive/drive-magasin-1034-toulouse-lalande;Toulouse Lalande
1054;Chronodrive;/magasins-chronodrive/drive-magasin-1054-labege;Labege
1061;Chronodrive;/magasins-chronodrive/drive-magasin-1061-portet-sur-garonne;Portet sur Garonne
1006;Chronodrive;/magasins-chronodrive/drive-magasin-1006-le-haillan;Le Haillan
1010;Chronodrive;/magasins-chronodrive/drive-magasin-1010-bouliac;Bouliac
1023;Chronodrive;/magasins-chronodrive/drive-magasin-1023-pessac;Pessac
1026;Chronodrive;/magasins-chronodrive/drive-magasin-1026-le-cres;Le Cres
1049;Chronodrive;/magasins-chronodrive/drive-magasin-1049-st-jean-de-vedas;St Jean de Vedas
1015;Chronodrive;/magasins-chronodrive/drive-magasin-1015-cesson-sevigne;Cesson-Sevigne
1039;Chronodrive;/magasins-chronodrive/drive-magasin-1039-rennes;Rennes
1008;Chronodrive;/magasins-chronodrive/drive-magasin-1008-st-pierre-des-corps;St Pierre des Corps
1057;Chronodrive;/magasins-chronodrive/drive-magasin-1057-seyssinet-pariset;Seyssinet Pariset
1003;Chronodrive;/magasins-chronodrive/drive-magasin-1003-orvault;Orvault
1042;Chronodrive;/magasins-chronodrive/drive-magasin-1042-orleans;Orleans
1001;Chronodrive;/magasins-chronodrive/drive-magasin-1001-marcq-en-baroeul;Marcq en Baroeul
1002;Chronodrive;/magasins-chronodrive/drive-magasin-1002-croix;Croix
1005;Chronodrive;/magasins-chronodrive/drive-magasin-1005-hallennes-lez-haubourdin;Hallennes Lez Haubourdin
1025;Chronodrive;/magasins-chronodrive/drive-magasin-1025-wasquehal---la-pilaterie;Wasquehal - La Pilaterie
1030;Chronodrive;/magasins-chronodrive/drive-magasin-1030-la-chapelle-d-armentieres;La Chapelle d Armentieres
1038;Chronodrive;/magasins-chronodrive/drive-magasin-1038-avelin;Avelin
1048;Chronodrive;/magasins-chronodrive/drive-magasin-1048-lambersart;Lambersart
1064;Chronodrive;/magasins-chronodrive/drive-magasin-1064-wasquehal-gare;Wasquehal Gare
1077;Chronodrive;/magasins-chronodrive/drive-magasin-1077-bondues---ravennes-les-francs;Bondues - Ravennes les Francs
1017;Chronodrive;/magasins-chronodrive/drive-magasin-1017-coudekerque-branche;Coudekerque-Branche
1041;Chronodrive;/magasins-chronodrive/drive-magasin-1041-valenciennes;Valenciennes
1036;Chronodrive;/magasins-chronodrive/drive-magasin-1036-compiegne-;Compiegne 
1060;Chronodrive;/magasins-chronodrive/drive-magasin-1060-eleu-dit-leauwette;Eleu dit Leauwette
1083;Chronodrive;/magasins-chronodrive/drive-magasin-1083-libercourt;Libercourt
1021;Chronodrive;/magasins-chronodrive/drive-magasin-1021-clermont-ferrand;Clermont Ferrand
1024;Chronodrive;/magasins-chronodrive/drive-magasin-1024-mions-st-priest;Mions St Priest
1063;Chronodrive;/magasins-chronodrive/drive-magasin-1063-cranves-sales;Cranves Sales
1065;Chronodrive;/magasins-chronodrive/drive-magasin-1065-franqueville-st-pierre;Franqueville St Pierre
1011;Chronodrive;/magasins-chronodrive/drive-magasin-1011-brie-comte-robert;Brie-Comte-Robert
1047;Chronodrive;/magasins-chronodrive/drive-magasin-1047-la-garde;La Garde
1074;Chronodrive;/magasins-chronodrive/drive-magasin-1074-hyeres;Hyeres
1018;Chronodrive;/magasins-chronodrive/drive-magasin-1018-orange;Orange
1019;Chronodrive;/magasins-chronodrive/drive-magasin-1019-limoges-sud;Limoges Sud
1053;Chronodrive;/magasins-chronodrive/drive-magasin-1053-limoges-nord;Limoges Nord
1007;Chronodrive;/magasins-chronodrive/drive-magasin-1007-ballainvilliers;Ballainvilliers
1035;Chronodrive;/magasins-chronodrive/drive-magasin-1035-ormoy;Ormoy
1040;Chronodrive;/magasins-chronodrive/drive-magasin-1040-bondoufle;Bondoufle
1050;Chronodrive;/magasins-chronodrive/drive-magasin-1050-massy;Massy
1045;Chronodrive;/magasins-chronodrive/drive-magasin-1045-bonneuil-sur-marne;Bonneuil sur Marne
1032;Chronodrive;/magasins-chronodrive/drive-magasin-1032-cormeilles-en-parisis;Cormeilles-en-Parisis
1044;Chronodrive;/magasins-chronodrive/drive-magasin-1044-cergy;Cergy
1055;Chronodrive;/magasins-chronodrive/drive-magasin-1055-herblay;Herblay
